"","feature_id","Kingdom","Phylum","Class","Order","Family","Genus","Species","Feature","mean","sd","prev","mean_IND","sd_IND","prev_IND","mean_MLW","sd_MLW","prev_MLW"
"113","t216816","Bacteria","Actinobacteria","Actinomycetia","Bifidobacteriales","Bifidobacteriaceae","Bifidobacterium","Bifidobacterium longum","Bifidobacterium longum",39.842446,33.281443,100,42.239403,33.818393,100,28.146952,27.948653,100
"212","t562","Bacteria","Proteobacteria","Gammaproteobacteria","Enterobacterales","Enterobacteriaceae","Escherichia","Escherichia coli","Escherichia coli",15.730557,19.445599,98.8,13.948183,18.02279,98.6,24.427309,23.574945,100
"76","t1685","Bacteria","Actinobacteria","Actinomycetia","Bifidobacteriales","Bifidobacteriaceae","Bifidobacterium","Bifidobacterium breve","Bifidobacterium breve",9.579328,19.228178,99.7,11.24788,20.662524,100,1.437948,3.444968,98.3
"215","t573","Bacteria","Proteobacteria","Gammaproteobacteria","Enterobacterales","Enterobacteriaceae","Klebsiella","Klebsiella pneumoniae","Klebsiella pneumoniae",4.665773,12.574391,96.5,5.375712,13.576588,96.8,1.201759,4.063773,94.8
"74","t1681","Bacteria","Actinobacteria","Actinomycetia","Bifidobacteriales","Bifidobacteriaceae","Bifidobacterium","Bifidobacterium bifidum","Bifidobacterium bifidum",4.212972,10.154682,98.8,4.679652,10.757245,99.3,1.935893,6.019026,96.6
"238","t817","Bacteria","Bacteroidetes","Bacteroidia","Bacteroidales","Bacteroidaceae","Bacteroides","Bacteroides fragilis","Bacteroides fragilis",1.969411,8.524784,55.4,1.507837,6.928543,48.1,4.221572,13.77555,91.4
"26","t1316412","Bacteria","Firmicutes","Bacilli","Lactobacillales","Streptococcaceae","Streptococcus","Streptococcus sp. HSISS3","Streptococcus sp. HSISS3",1.299238,2.408523,97.7,1.370264,2.483671,98.2,0.952679,1.9841,94.8
"242","t823","Bacteria","Bacteroidetes","Bacteroidia","Bacteroidales","Tannerellaceae","Parabacteroides","Parabacteroides distasonis","Parabacteroides distasonis",1.08635,4.98003,46.9,0.787349,4.572959,38.9,2.545267,6.470332,86.2
"77","t1686","Bacteria","Actinobacteria","Actinomycetia","Bifidobacteriales","Bifidobacteriaceae","Bifidobacterium","Bifidobacterium catenulatum","Bifidobacterium catenulatum",0.903197,3.784284,98.2,1.046073,4.136859,98.6,0.206062,0.398953,96.6
"241","t821","Bacteria","Bacteroidetes","Bacteroidia","Bacteroidales","Prevotellaceae","Phocaeicola","Phocaeicola vulgatus","Phocaeicola vulgatus",0.892494,3.869342,53.1,0.546636,2.659037,45.2,2.580043,7.129767,91.4
"18","t1304","Bacteria","Firmicutes","Bacilli","Lactobacillales","Streptococcaceae","Streptococcus","Streptococcus salivarius","Streptococcus salivarius",0.845794,1.646844,100,0.843413,1.684374,100,0.85741,1.463211,100
"176","t33038","Bacteria","Firmicutes","Clostridia","Eubacteriales","Lachnospiraceae","Mediterraneibacter","Mediterraneibacter [Ruminococcus] gnavus","Mediterraneibacter [Ruminococcus] gnavus",0.84327,3.724618,61,0.867044,3.897568,60.1,0.727269,2.752771,65.5
"25","t1316411","Bacteria","Firmicutes","Bacilli","Lactobacillales","Streptococcaceae","Streptococcus","Streptococcus sp. HSISS2","Streptococcus sp. HSISS2",0.829562,1.551259,97.4,0.874187,1.597676,98.2,0.611824,1.291265,93.1
"168","t29466","Bacteria","Firmicutes","Negativicutes","Veillonellales","Veillonellaceae","Veillonella","Veillonella parvula","Veillonella parvula",0.691422,2.619852,93.3,0.681223,2.671478,92.2,0.741188,2.372661,98.3
"239","t818","Bacteria","Bacteroidetes","Bacteroidia","Bacteroidales","Bacteroidaceae","Bacteroides","Bacteroides thetaiotaomicron","Bacteroides thetaiotaomicron",0.691312,4.507017,54,0.39671,4.200051,46.6,2.128766,5.599943,89.7
"59","t1596","Bacteria","Firmicutes","Bacilli","Lactobacillales","Lactobacillaceae","Lactobacillus","Lactobacillus gasseri","Lactobacillus gasseri",0.674567,2.905642,53.4,0.568858,2.473967,54.1,1.190353,4.44451,50
"69","t165179","Bacteria","Bacteroidetes","Bacteroidia","Bacteroidales","Prevotellaceae","Prevotella","Prevotella copri","Prevotella copri",0.599538,4.585024,59.2,0.246424,1.829318,52.3,2.32249,10.256775,93.1
"228","t684066","Bacteria","Firmicutes","Bacilli","Lactobacillales","Streptococcaceae","Streptococcus","Streptococcus lactarius","Streptococcus lactarius",0.57737,2.2912,99.1,0.449016,0.993054,99.6,1.203648,5.094468,96.6
"189","t39777","Bacteria","Firmicutes","Negativicutes","Veillonellales","Veillonellaceae","Veillonella","Veillonella atypica","Veillonella atypica",0.571309,1.370812,90,0.512439,1.291532,89,0.858557,1.689725,94.8
"32","t1351","Bacteria","Firmicutes","Bacilli","Lactobacillales","Enterococcaceae","Enterococcus","Enterococcus faecalis","Enterococcus faecalis",0.566523,1.917324,84.2,0.65528,2.073617,85.9,0.133452,0.651709,75.9
"152","t28026","Bacteria","Actinobacteria","Actinomycetia","Bifidobacteriales","Bifidobacteriaceae","Bifidobacterium","Bifidobacterium pseudocatenulatum","Bifidobacterium pseudocatenulatum",0.532653,2.317282,98.2,0.340955,1.432262,98.2,1.46801,4.561663,98.3
"108","t2107999","Bacteria","Firmicutes","Bacilli","Lactobacillales","Lactobacillaceae","Lactobacillus","Lactobacillus paragasseri","Lactobacillus paragasseri",0.5042,2.027933,44.6,0.525964,2.174665,46.3,0.398009,1.058307,36.2
"236","t74426","Bacteria","Actinobacteria","Coriobacteriia","Coriobacteriales","Coriobacteriaceae","Collinsella","Collinsella aerofaciens","Collinsella aerofaciens",0.4375,1.357844,74.8,0.421581,1.335756,71.4,0.515174,1.470729,91.4
"33","t1352","Bacteria","Firmicutes","Bacilli","Lactobacillales","Enterococcaceae","Enterococcus","Enterococcus faecium","Enterococcus faecium",0.428281,5.005904,86.5,0.439648,5.409065,86.6,0.372821,2.17288,86.2
"156","t28116","Bacteria","Bacteroidetes","Bacteroidia","Bacteroidales","Bacteroidaceae","Bacteroides","Bacteroides ovatus","Bacteroides ovatus",0.417721,2.247425,40.8,0.278803,1.908397,33.9,1.095543,3.398051,74.1
"203","t47678","Bacteria","Bacteroidetes","Bacteroidia","Bacteroidales","Bacteroidaceae","Bacteroides","Bacteroides caccae","Bacteroides caccae",0.409212,3.163279,41.3,0.117664,1.04894,34.6,1.831769,7.194598,74.1
"211","t550","Bacteria","Proteobacteria","Gammaproteobacteria","Enterobacterales","Enterobacteriaceae","Enterobacter","Enterobacter cloacae","Enterobacter cloacae",0.379078,2.203819,78.9,0.455806,2.412659,78.4,0.004697,0.019573,81
"139","t2690380","Bacteria","Firmicutes","Bacilli","Lactobacillales","Lactobacillaceae","Lactobacillus","Lactobacillus sp. JM1","Lactobacillus sp. JM1",0.366334,2.886657,37.8,0.072002,0.600904,39.2,1.802471,6.737147,31
"182","t357276","Bacteria","Bacteroidetes","Bacteroidia","Bacteroidales","Prevotellaceae","Phocaeicola","Phocaeicola dorei","Phocaeicola dorei",0.365796,2.485007,47.8,0.067597,0.438398,38.2,1.820798,5.769608,94.8
"184","t371601","Bacteria","Bacteroidetes","Bacteroidia","Bacteroidales","Bacteroidaceae","Bacteroides","Bacteroides xylanisolvens","Bacteroides xylanisolvens",0.360403,1.784863,47.8,0.283613,1.746395,40.3,0.735081,1.93431,84.5
"118","t239935","Bacteria","Verrucomicrobia","Verrucomicrobiae","Verrucomicrobiales","Akkermansiaceae","Akkermansia","Akkermansia muciniphila","Akkermansia muciniphila",0.341486,2.961713,37.5,0.275887,2.486416,33.2,0.661564,4.648777,58.6
"200","t46503","Bacteria","Bacteroidetes","Bacteroidia","Bacteroidales","Tannerellaceae","Parabacteroides","Parabacteroides merdae","Parabacteroides merdae",0.32163,4.361732,33.7,0.321993,4.754414,27.6,0.31986,1.283801,63.8
"44","t1492","Bacteria","Firmicutes","Clostridia","Eubacteriales","Clostridiaceae","Clostridium","Clostridium butyricum","Clostridium butyricum",0.266002,2.142813,37,0.311926,2.346673,33.6,0.041922,0.287557,53.4
"62","t1613","Bacteria","Firmicutes","Bacilli","Lactobacillales","Lactobacillaceae","Limosilactobacillus","Limosilactobacillus fermentum","Limosilactobacillus fermentum",0.256878,1.040191,64.2,0.301193,1.135215,64.7,0.040652,0.144743,62.1
"65","t1624","Bacteria","Firmicutes","Bacilli","Lactobacillales","Lactobacillaceae","Ligilactobacillus","Ligilactobacillus salivarius","Ligilactobacillus salivarius",0.255682,1.395863,73.3,0.256378,1.376522,74.2,0.252288,1.499297,69
"240","t820","Bacteria","Bacteroidetes","Bacteroidia","Bacteroidales","Bacteroidaceae","Bacteroides","Bacteroides uniformis","Bacteroides uniformis",0.232574,1.098451,47.8,0.153134,0.921866,41.3,0.620186,1.675877,79.3
"41","t1463165","Bacteria","Proteobacteria","Gammaproteobacteria","Enterobacterales","Enterobacteriaceae","Klebsiella","Klebsiella quasipneumoniae","Klebsiella quasipneumoniae",0.220561,1.278768,79.8,0.214445,1.199027,80.9,0.250407,1.624916,74.1
"142","t2709390","Bacteria","Bacteroidetes","Bacteroidia","Bacteroidales","Bacteroidaceae","Bacteroides","Bacteroides sp. ZJ-18","Bacteroides sp. ZJ-18",0.212798,2.177918,23.5,0.234252,2.371241,20.1,0.108121,0.679788,39.7
"1","t102684","Bacteria","Firmicutes","Bacilli","Lactobacillales","Streptococcaceae","Streptococcus","Streptococcus infantarius","Streptococcus infantarius",0.208129,1.35963,77.4,0.249807,1.489467,81.3,0.004771,0.014277,58.6
"190","t39778","Bacteria","Firmicutes","Negativicutes","Veillonellales","Veillonellaceae","Veillonella","Veillonella dispar","Veillonella dispar",0.19878,0.681191,87.4,0.139839,0.439303,86.2,0.486371,1.308305,93.1
"136","t2682455","Bacteria","Firmicutes","Negativicutes","Veillonellales","Veillonellaceae","Veillonella","Veillonella sp. S12025-13","Veillonella sp. S12025-13",0.187285,0.737837,85.6,0.158501,0.505661,85.2,0.327729,1.399329,87.9
"98","t2025876","Bacteria","Bacteroidetes","Bacteroidia","Bacteroidales","Tannerellaceae","Parabacteroides","Parabacteroides sp. CT06","Parabacteroides sp. CT06",0.183857,3.134895,18.8,0.208548,3.440365,13.8,0.063381,0.212534,43.1
"137","t2682456","Bacteria","Firmicutes","Negativicutes","Veillonellales","Veillonellaceae","Veillonella","Veillonella nakazawae","Veillonella nakazawae",0.182425,0.657736,86.8,0.162191,0.479995,86.6,0.28115,1.195291,87.9
"31","t1343","Bacteria","Firmicutes","Bacilli","Lactobacillales","Streptococcaceae","Streptococcus","Streptococcus vestibularis","Streptococcus vestibularis",0.181389,0.51499,97.7,0.195758,0.54726,98.2,0.111276,0.307001,94.8
"247","t853","Bacteria","Firmicutes","Clostridia","Eubacteriales","Oscillospiraceae","Faecalibacterium","Faecalibacterium prausnitzii","Faecalibacterium prausnitzii",0.169702,2.090767,89.7,0.202582,2.294305,88.3,0.009271,0.027815,96.6
"15","t1290","Bacteria","Firmicutes","Bacilli","Bacillales","Staphylococcaceae","Staphylococcus","Staphylococcus hominis","Staphylococcus hominis",0.157095,0.540714,95.9,0.139235,0.505592,95.8,0.24424,0.685562,96.6
"197","t43675","Bacteria","Actinobacteria","Actinomycetia","Micrococcales","Micrococcaceae","Rothia","Rothia mucilaginosa","Rothia mucilaginosa",0.128444,0.293587,94.1,0.105414,0.229595,93.6,0.240812,0.487707,96.6
"104","t208479","Bacteria","Firmicutes","Clostridia","Eubacteriales","Lachnospiraceae","Enterocloster","Enterocloster bolteae","Enterocloster bolteae",0.125118,1.77547,50.1,0.144459,1.948035,50.2,0.030748,0.133345,50
"78","t1689","Bacteria","Actinobacteria","Actinomycetia","Bifidobacteriales","Bifidobacteriaceae","Bifidobacterium","Bifidobacterium dentium","Bifidobacterium dentium",0.123811,1.008506,97.1,0.143079,1.105021,97.2,0.029795,0.122027,96.6
"121","t244366","Bacteria","Proteobacteria","Gammaproteobacteria","Enterobacterales","Enterobacteriaceae","Klebsiella","Klebsiella variicola","Klebsiella variicola",0.122491,0.856175,73.9,0.067919,0.581481,75.3,0.388762,1.616404,67.2
"13","t1282","Bacteria","Firmicutes","Bacilli","Bacillales","Staphylococcaceae","Staphylococcus","Staphylococcus epidermidis","Staphylococcus epidermidis",0.118944,0.58022,99.1,0.128696,0.628651,99.3,0.071362,0.223901,98.3
"167","t292800","Bacteria","Firmicutes","Clostridia","Eubacteriales","Oscillospiraceae","Flavonifractor","Flavonifractor plautii","Flavonifractor plautii",0.116836,0.774251,55.7,0.118429,0.79176,52.3,0.109064,0.688658,72.4
"73","t1680","Bacteria","Actinobacteria","Actinomycetia","Bifidobacteriales","Bifidobacteriaceae","Bifidobacterium","Bifidobacterium adolescentis","Bifidobacterium adolescentis",0.115845,0.490195,97.1,0.088179,0.284293,97.2,0.250836,1.005543,96.6
"153","t28037","Bacteria","Firmicutes","Bacilli","Lactobacillales","Streptococcaceae","Streptococcus","Streptococcus mitis","Streptococcus mitis",0.111479,0.264066,100,0.099718,0.25836,100,0.168867,0.285769,100
"112","t2162637","Bacteria","Bacteroidetes","Bacteroidia","Bacteroidales","Bacteroidaceae","Bacteroides","Bacteroides sp. PHL 2737","Bacteroides sp. PHL 2737",0.107672,0.504595,20.5,0.110738,0.547614,16.3,0.092709,0.186718,41.4
"27","t1318","Bacteria","Firmicutes","Bacilli","Lactobacillales","Streptococcaceae","Streptococcus","Streptococcus parasanguinis","Streptococcus parasanguinis",0.106834,0.40685,98.5,0.058775,0.117584,98.6,0.341329,0.922784,98.3
"19","t1308","Bacteria","Firmicutes","Bacilli","Lactobacillales","Streptococcaceae","Streptococcus","Streptococcus thermophilus","Streptococcus thermophilus",0.10629,0.162887,99.1,0.110763,0.169541,99.6,0.084464,0.124378,96.6
"133","t2610896","Bacteria","Firmicutes","Bacilli","Lactobacillales","Streptococcaceae","Streptococcus","Streptococcus sp. LPB0220","Streptococcus sp. LPB0220",0.104845,0.420626,97.7,0.056684,0.119337,97.5,0.339833,0.957699,98.3
"23","t1316408","Bacteria","Firmicutes","Bacilli","Lactobacillales","Streptococcaceae","Streptococcus","Streptococcus sp. HSISM1","Streptococcus sp. HSISM1",0.102663,0.393674,97.7,0.058202,0.114614,97.9,0.319603,0.895401,96.6
"94","t197","Bacteria","Proteobacteria","Epsilonproteobacteria","Campylobacterales","Campylobacteraceae","Campylobacter","Campylobacter jejuni","Campylobacter jejuni",0.100258,1.033554,12,0.070446,0.758585,10.2,0.245724,1.870564,20.7
"91","t187327","Bacteria","Firmicutes","Negativicutes","Acidaminococcales","Acidaminococcaceae","Acidaminococcus","Acidaminococcus intestini","Acidaminococcus intestini",0.091536,0.377096,45.5,0.106053,0.408751,46.3,0.020702,0.124388,41.4
"235","t729","Bacteria","Proteobacteria","Gammaproteobacteria","Pasteurellales","Pasteurellaceae","Haemophilus","Haemophilus parainfluenzae","Haemophilus parainfluenzae",0.09052,1.071065,67.4,0.078601,1.079934,67.5,0.148674,1.033817,67.2
"199","t437897","Bacteria","Firmicutes","Negativicutes","Selenomonadales","Selenomonadaceae","Megamonas","Megamonas funiformis","Megamonas funiformis",0.087777,0.881392,48.1,0.085503,0.946917,48.1,0.098872,0.444562,48.3
"178","t33945","Bacteria","Firmicutes","Bacilli","Lactobacillales","Enterococcaceae","Enterococcus","Enterococcus avium","Enterococcus avium",0.087487,0.420041,47.5,0.100988,0.457404,48.4,0.021609,0.109602,43.1
"57","t158836","Bacteria","Proteobacteria","Gammaproteobacteria","Enterobacterales","Enterobacteriaceae","Enterobacter","Enterobacter hormaechei","Enterobacter hormaechei",0.087478,0.337498,79.8,0.099372,0.367102,80.9,0.02944,0.092601,74.1
"21","t1313","Bacteria","Firmicutes","Bacilli","Lactobacillales","Streptococcaceae","Streptococcus","Streptococcus pneumoniae","Streptococcus pneumoniae",0.087262,0.56444,100,0.051633,0.099194,100,0.261112,1.347086,100
"88","t1839799","Bacteria","Firmicutes","Bacilli","Lactobacillales","Streptococcaceae","Streptococcus","Streptococcus sp. FDAARGOS_192","Streptococcus sp. FDAARGOS_192",0.084152,0.211714,96.5,0.088138,0.229005,97.9,0.064702,0.086277,89.7
"12","t1280","Bacteria","Firmicutes","Bacilli","Bacillales","Staphylococcaceae","Staphylococcus","Staphylococcus aureus","Staphylococcus aureus",0.083752,0.381048,91.2,0.065384,0.219257,91.5,0.173372,0.786389,89.7
"250","t907","Bacteria","Firmicutes","Negativicutes","Veillonellales","Veillonellaceae","Megasphaera","Megasphaera elsdenii","Megasphaera elsdenii",0.082705,0.5096,54.3,0.095824,0.55714,53.7,0.018691,0.091256,56.9
"195","t40545","Bacteria","Proteobacteria","Betaproteobacteria","Burkholderiales","Sutterellaceae","Sutterella","Sutterella wadsworthensis","Sutterella wadsworthensis",0.082092,0.444264,23.5,0.026489,0.157715,16.6,0.3534,0.981828,56.9
"95","t197614","Bacteria","Firmicutes","Bacilli","Lactobacillales","Streptococcaceae","Streptococcus","Streptococcus pasteurianus","Streptococcus pasteurianus",0.081984,0.547633,40.2,0.09802,0.600047,39.9,0.003738,0.007226,41.4
"48","t1502","Bacteria","Firmicutes","Clostridia","Eubacteriales","Clostridiaceae","Clostridium","Clostridium perfringens","Clostridium perfringens",0.079531,0.850075,63.3,0.034355,0.255277,59.7,0.299957,1.982027,81
"53","t1550024","Bacteria","Firmicutes","Clostridia","Eubacteriales","Oscillospiraceae","Ruthenibacterium","Ruthenibacterium lactatiformans","Ruthenibacterium lactatiformans",0.07312,0.804353,32.3,0.08571,0.882108,30.4,0.011686,0.07041,41.4
"52","t1547","Bacteria","Firmicutes","Erysipelotrichia","Erysipelotrichales","Erysipelotrichaceae","Erysipelatoclostridium","Erysipelatoclostridium ramosum","Erysipelatoclostridium ramosum",0.071441,0.541813,35.5,0.082501,0.592606,33.2,0.017472,0.10033,46.6
"85","t1812935","Bacteria","Proteobacteria","Gammaproteobacteria","Enterobacterales","Enterobacteriaceae","Enterobacter","Enterobacter roggenkampii","Enterobacter roggenkampii",0.069148,0.974196,71.8,0.081558,1.069176,71.7,0.008597,0.032105,72.4
"174","t33010","Bacteria","Actinobacteria","Actinomycetia","Propionibacteriales","Propionibacteriaceae","Cutibacterium","Cutibacterium avidum","Cutibacterium avidum",0.068368,0.631888,42.5,0.078599,0.692857,42.4,0.018445,0.060303,43.1
"24","t1316410","Bacteria","Firmicutes","Bacilli","Lactobacillales","Streptococcaceae","Streptococcus","Streptococcus sp. HSISS1","Streptococcus sp. HSISS1",0.064654,0.17316,83,0.066148,0.185272,85.9,0.057366,0.094698,69
"217","t584","Bacteria","Proteobacteria","Gammaproteobacteria","Enterobacterales","Morganellaceae","Proteus","Proteus mirabilis","Proteus mirabilis",0.051194,0.394341,24.6,0.06165,0.432253,24.4,0.000178,0.000559,25.9
"47","t150055","Bacteria","Firmicutes","Bacilli","Lactobacillales","Streptococcaceae","Streptococcus","Streptococcus lutetiensis","Streptococcus lutetiensis",0.04886,0.334941,62.5,0.053333,0.357797,66.1,0.027038,0.187721,44.8
"177","t33039","Bacteria","Firmicutes","Clostridia","Eubacteriales","Lachnospiraceae","Mediterraneibacter","Mediterraneibacter [Ruminococcus] torques","Mediterraneibacter [Ruminococcus] torques",0.047287,0.492745,47.2,0.040107,0.488744,43.1,0.082324,0.514762,67.2
"172","t328813","Bacteria","Bacteroidetes","Bacteroidia","Bacteroidales","Rikenellaceae","Alistipes","Alistipes onderdonkii","Alistipes onderdonkii",0.045181,0.791529,15.2,0.052143,0.868547,11.7,0.011209,0.059552,32.8
"115","t227942","Bacteria","Firmicutes","Bacilli","Lactobacillales","Lactobacillaceae","Limosilactobacillus","Limosilactobacillus gastricus","Limosilactobacillus gastricus",0.044893,0.438702,44,0.031195,0.386482,45.6,0.111731,0.635254,36.2
"166","t28901","Bacteria","Proteobacteria","Gammaproteobacteria","Enterobacterales","Enterobacteriaceae","Salmonella","Salmonella enterica","Salmonella enterica",0.042689,0.101445,90,0.037999,0.082982,89,0.065569,0.163327,94.8
"204","t47715","Bacteria","Firmicutes","Bacilli","Lactobacillales","Lactobacillaceae","Lacticaseibacillus","Lacticaseibacillus rhamnosus","Lacticaseibacillus rhamnosus",0.040437,0.291629,29.6,0.042141,0.301726,31.1,0.032124,0.238354,22.4
"29","t1335","Bacteria","Firmicutes","Bacilli","Lactobacillales","Streptococcaceae","Streptococcus","Streptococcus equinus","Streptococcus equinus",0.0385,0.064973,98.5,0.039806,0.068238,99.6,0.032124,0.04576,93.1
"66","t1633","Bacteria","Firmicutes","Bacilli","Lactobacillales","Lactobacillaceae","Limosilactobacillus","Limosilactobacillus vaginalis","Limosilactobacillus vaginalis",0.037668,0.255956,30.5,0.028052,0.170114,31.1,0.084586,0.494886,27.6
"223","t624","Bacteria","Proteobacteria","Gammaproteobacteria","Enterobacterales","Enterobacteriaceae","Shigella","Shigella sonnei","Shigella sonnei",0.037423,0.07212,54.3,0.037519,0.075246,52.3,0.03695,0.054891,63.8
"45","t1496","Bacteria","Firmicutes","Clostridia","Eubacteriales","Peptostreptococcaceae","Clostridioides","Clostridioides difficile","Clostridioides difficile",0.036857,0.149571,73.6,0.042828,0.163403,70,0.007722,0.017523,91.4
"109","t2109685","Bacteria","Actinobacteria","Coriobacteriia","Coriobacteriales","Atopobiaceae","Olsenella","Olsenella sp. GAM18","Olsenella sp. GAM18",0.036261,0.35915,39,0.018208,0.193917,32.9,0.124348,0.757532,69
"216","t582","Bacteria","Proteobacteria","Gammaproteobacteria","Enterobacterales","Morganellaceae","Morganella","Morganella morganii","Morganella morganii",0.036019,0.474193,35.5,0.010541,0.075087,35.3,0.160333,1.137727,36.2
"36","t1358","Bacteria","Firmicutes","Bacilli","Lactobacillales","Streptococcaceae","Lactococcus","Lactococcus lactis","Lactococcus lactis",0.035532,0.575749,49.3,0.042651,0.631953,44.2,0.000798,0.000997,74.1
"214","t571","Bacteria","Proteobacteria","Gammaproteobacteria","Enterobacterales","Enterobacteriaceae","Klebsiella","Klebsiella oxytoca","Klebsiella oxytoca",0.035242,0.286185,74.5,0.02876,0.269771,73.9,0.066866,0.356732,77.6
"170","t315405","Bacteria","Firmicutes","Bacilli","Lactobacillales","Streptococcaceae","Streptococcus","Streptococcus gallolyticus","Streptococcus gallolyticus",0.03474,0.200052,78.6,0.041362,0.219065,80.2,0.002433,0.00419,70.7
"96","t2003188","Bacteria","Actinobacteria","Coriobacteriia","Coriobacteriales","Atopobiaceae","Parolsenella","Parolsenella catena","Parolsenella catena",0.034325,0.189846,47.2,0.033576,0.199868,43.5,0.037979,0.131667,65.5
"246","t84112","Bacteria","Actinobacteria","Coriobacteriia","Eggerthellales","Eggerthellaceae","Eggerthella","Eggerthella lenta","Eggerthella lenta",0.033963,0.191496,51.3,0.039081,0.209738,48.1,0.00899,0.018366,67.2
"100","t202956","Bacteria","Proteobacteria","Gammaproteobacteria","Pseudomonadales","Moraxellaceae","Acinetobacter","Acinetobacter towneri","Acinetobacter towneri",0.032339,0.341229,17.9,4.6e-05,0.000209,7.8,0.189905,0.814921,67.2
"87","t1834196","Bacteria","Firmicutes","Clostridia","Eubacteriales","Lachnospiraceae","Lachnoclostridium","Lachnoclostridium sp. YL32","Lachnoclostridium sp. YL32",0.031974,0.393436,39.9,0.036788,0.431544,34.6,0.008484,0.035937,65.5
"208","t545","Bacteria","Proteobacteria","Gammaproteobacteria","Enterobacterales","Enterobacteriaceae","Citrobacter","Citrobacter koseri","Citrobacter koseri",0.030469,0.440124,34.6,0.03655,0.483043,34.3,0.000797,0.002387,36.2
"58","t1590","Bacteria","Firmicutes","Bacilli","Lactobacillales","Lactobacillaceae","Lactiplantibacillus","Lactiplantibacillus plantarum","Lactiplantibacillus plantarum",0.029647,0.102269,56.6,0.03293,0.110806,58.3,0.013624,0.036453,48.3
"226","t649756","Bacteria","Firmicutes","Clostridia","Eubacteriales","Lachnospiraceae","Anaerostipes","Anaerostipes hadrus","Anaerostipes hadrus",0.029542,0.347631,67.2,0.033282,0.381272,66.4,0.011293,0.035272,70.7
"148","t2763022","Bacteria","Bacteroidetes","Bacteroidia","Bacteroidales","Bacteroidaceae","Bacteroides","Bacteroides sp. M10","Bacteroides sp. M10",0.026634,0.169608,29,0.020921,0.167091,21.9,0.054509,0.180311,63.8
"220","t621","Bacteria","Proteobacteria","Gammaproteobacteria","Enterobacterales","Enterobacteriaceae","Shigella","Shigella boydii","Shigella boydii",0.026103,0.09158,77.7,0.022376,0.061412,77,0.044286,0.175963,81
"17","t1303","Bacteria","Firmicutes","Bacilli","Lactobacillales","Streptococcaceae","Streptococcus","Streptococcus oralis","Streptococcus oralis",0.025145,0.057879,100,0.019683,0.036068,100,0.051798,0.112583,100
"4","t113107","Bacteria","Firmicutes","Bacilli","Lactobacillales","Streptococcaceae","Streptococcus","Streptococcus australis","Streptococcus australis",0.024058,0.054608,98.5,0.017878,0.025495,98.6,0.054209,0.116004,98.3
"157","t28118","Bacteria","Bacteroidetes","Bacteroidia","Bacteroidales","Odoribacteraceae","Odoribacter","Odoribacter splanchnicus","Odoribacter splanchnicus",0.023388,0.283717,32.6,0.021232,0.309328,26.1,0.033909,0.081435,63.8
"60","t1597","Bacteria","Firmicutes","Bacilli","Lactobacillales","Lactobacillaceae","Lacticaseibacillus","Lacticaseibacillus paracasei","Lacticaseibacillus paracasei",0.023353,0.121627,54,0.018641,0.104942,54.8,0.046348,0.181953,50
"5","t1134687","Bacteria","Proteobacteria","Gammaproteobacteria","Enterobacterales","Enterobacteriaceae","Klebsiella","Klebsiella michiganensis","Klebsiella michiganensis",0.023112,0.159389,69.5,0.024829,0.173616,69.6,0.014734,0.048222,69
"222","t623","Bacteria","Proteobacteria","Gammaproteobacteria","Enterobacterales","Enterobacteriaceae","Shigella","Shigella flexneri","Shigella flexneri",0.023075,0.060062,76.8,0.023406,0.065063,76.3,0.021457,0.02392,79.3
"150","t2785531","Bacteria","Bacteroidetes","Bacteroidia","Bacteroidales","Bacteroidaceae","Bacteroides","Bacteroides sp. HF-162","Bacteroides sp. HF-162",0.022863,0.107027,27.9,0.014884,0.084973,22.3,0.061795,0.175345,55.2
"213","t564","Bacteria","Proteobacteria","Gammaproteobacteria","Enterobacterales","Enterobacteriaceae","Escherichia","Escherichia fergusonii","Escherichia fergusonii",0.022854,0.122708,80.1,0.021472,0.124059,79.9,0.0296,0.116689,81
"20","t1311","Bacteria","Firmicutes","Bacilli","Lactobacillales","Streptococcaceae","Streptococcus","Streptococcus agalactiae","Streptococcus agalactiae",0.022742,0.041713,88,0.021552,0.040269,89,0.02855,0.048116,82.8
"51","t1531","Bacteria","Firmicutes","Clostridia","Eubacteriales","Lachnospiraceae","Enterocloster","Enterocloster clostridioformis","Enterocloster clostridioformis",0.021481,0.260778,27,0.024636,0.285984,24.7,0.006084,0.026907,37.9
"3","t111015","Bacteria","Actinobacteria","Actinomycetia","Actinomycetales","Actinomycetaceae","Actinomyces","Actinomyces radicidentis","Actinomyces radicidentis",0.019948,0.253136,15.2,0.024019,0.277775,15.2,8.4e-05,0.000273,15.5
"49","t1520","Bacteria","Firmicutes","Clostridia","Eubacteriales","Clostridiaceae","Clostridium","Clostridium beijerinckii","Clostridium beijerinckii",0.019689,0.278614,25.5,0.00496,0.04831,25.4,0.091555,0.667198,25.9
"123","t248315","Bacteria","Firmicutes","Negativicutes","Veillonellales","Veillonellaceae","Veillonella","Veillonella rodentium","Veillonella rodentium",0.019604,0.040191,83.9,0.019736,0.041239,82.7,0.018962,0.034942,89.7
"28","t1328","Bacteria","Firmicutes","Bacilli","Lactobacillales","Streptococcaceae","Streptococcus","Streptococcus anginosus","Streptococcus anginosus",0.018417,0.075042,93.5,0.019458,0.081775,94,0.013338,0.021785,91.4
"130","t2584944","Bacteria","Proteobacteria","Betaproteobacteria","Burkholderiales","Sutterellaceae","Sutterella","Sutterella faecalis","Sutterella faecalis",0.018378,0.186144,23.5,0.021541,0.204211,19.1,0.002947,0.008536,44.8
"209","t546","Bacteria","Proteobacteria","Gammaproteobacteria","Enterobacterales","Enterobacteriaceae","Citrobacter","Citrobacter freundii","Citrobacter freundii",0.017467,0.087882,85,0.016603,0.091198,84.1,0.021681,0.069989,89.7
"105","t208962","Bacteria","Proteobacteria","Gammaproteobacteria","Enterobacterales","Enterobacteriaceae","Escherichia","Escherichia albertii","Escherichia albertii",0.017301,0.227657,80.1,0.019025,0.249677,78.4,0.008888,0.02548,87.9
"231","t712623","Bacteria","Firmicutes","Bacilli","Lactobacillales","Streptococcaceae","Streptococcus","Streptococcus sp. oral taxon 061","Streptococcus sp. oral taxon 061",0.017208,0.070475,93.8,0.012307,0.04392,94,0.041117,0.139218,93.1
"201","t470","Bacteria","Proteobacteria","Gammaproteobacteria","Pseudomonadales","Moraxellaceae","Acinetobacter","Acinetobacter baumannii","Acinetobacter baumannii",0.017016,0.083847,47.5,0.009861,0.044688,40.3,0.051922,0.17482,82.8
"210","t548","Bacteria","Proteobacteria","Gammaproteobacteria","Enterobacterales","Enterobacteriaceae","Klebsiella","Klebsiella aerogenes","Klebsiella aerogenes",0.016333,0.115818,66.9,0.019304,0.126907,66.8,0.001838,0.008645,67.2
"43","t1491","Bacteria","Firmicutes","Clostridia","Eubacteriales","Clostridiaceae","Clostridium","Clostridium botulinum","Clostridium botulinum",0.016224,0.226326,61,0.004076,0.02725,58.3,0.075502,0.545493,74.1
"50","t1522","Bacteria","Firmicutes","Erysipelotrichia","Erysipelotrichales","Erysipelotrichaceae","Erysipelatoclostridium","Erysipelatoclostridium [Clostridium] innocuum","Erysipelatoclostridium [Clostridium] innocuum",0.016203,0.156331,55.4,0.019156,0.171489,54.4,0.001791,0.005434,60.3
"90","t1871022","Bacteria","Actinobacteria","Coriobacteriia","Coriobacteriales","Atopobiaceae","Parolsenella","Parolsenella massiliensis","Parolsenella massiliensis",0.015652,0.100523,38.4,0.006892,0.035602,31.4,0.058391,0.227518,72.4
"229","t69966","Bacteria","Firmicutes","Bacilli","Bacillales","Staphylococcaceae","Macrococcus","Macrococcus caseolyticus","Macrococcus caseolyticus",0.015643,0.256928,19.4,0.01882,0.28201,19.1,0.00014,0.000436,20.7
"64","t1623","Bacteria","Firmicutes","Bacilli","Lactobacillales","Lactobacillaceae","Ligilactobacillus","Ligilactobacillus ruminis","Ligilactobacillus ruminis",0.015394,0.13927,25.5,0.017894,0.152443,24.7,0.003193,0.023318,29.3
"122","t2479767","Bacteria","Firmicutes","Clostridia","Eubacteriales","Lachnospiraceae","Blautia","Blautia sp. SC05B48","Blautia sp. SC05B48",0.014532,0.114873,49,0.015699,0.124995,45.2,0.00884,0.037078,67.2
"173","t328814","Bacteria","Bacteroidetes","Bacteroidia","Bacteroidales","Rikenellaceae","Alistipes","Alistipes shahii","Alistipes shahii",0.014372,0.181654,19.4,0.015843,0.199134,14.1,0.007197,0.024145,44.8
"232","t712633","Bacteria","Firmicutes","Bacilli","Lactobacillales","Streptococcaceae","Streptococcus","Streptococcus sp. oral taxon 431","Streptococcus sp. oral taxon 431",0.013987,0.055527,95.3,0.009356,0.036841,96.1,0.036586,0.10512,91.4
"70","t1660","Bacteria","Actinobacteria","Actinomycetia","Actinomycetales","Actinomycetaceae","Schaalia","Schaalia odontolytica","Schaalia odontolytica",0.013891,0.055451,73.9,0.011612,0.05161,72.8,0.025014,0.070794,79.3
"140","t2690837","Bacteria","Actinobacteria","Coriobacteriia","Eggerthellales","Eggerthellaceae","Eggerthella","Eggerthella sp. HF-1101","Eggerthella sp. HF-1101",0.013613,0.165348,32.3,0.016226,0.181446,27.6,0.000862,0.001339,55.2
"119","t2420310","Bacteria","Firmicutes","Bacilli","Lactobacillales","Streptococcaceae","Streptococcus","Streptococcus sp. FDAARGOS_522","Streptococcus sp. FDAARGOS_522",0.013521,0.056652,22.6,0.011711,0.041903,23.7,0.022353,0.10179,17.2
"75","t1683","Bacteria","Actinobacteria","Actinomycetia","Bifidobacteriales","Bifidobacteriaceae","Bifidobacterium","Bifidobacterium angulatum","Bifidobacterium angulatum",0.013493,0.028082,97.1,0.014359,0.030018,97.2,0.009267,0.014961,96.6
"80","t1736","Bacteria","Firmicutes","Clostridia","Eubacteriales","Eubacteriaceae","Eubacterium","Eubacterium limosum","Eubacterium limosum",0.012725,0.091077,54.8,0.013614,0.097945,54.1,0.008384,0.044658,58.6
"6","t1156431","Bacteria","Firmicutes","Bacilli","Lactobacillales","Streptococcaceae","Streptococcus","Streptococcus sp. I-G2","Streptococcus sp. I-G2",0.012368,0.026047,93.3,0.009564,0.012321,94.3,0.02605,0.055375,87.9
"160","t28132","Bacteria","Bacteroidetes","Bacteroidia","Bacteroidales","Prevotellaceae","Prevotella","Prevotella melaninogenica","Prevotella melaninogenica",0.012209,0.085486,52.2,0.007237,0.064914,46.6,0.036471,0.148397,79.3
"237","t756892","Bacteria","Proteobacteria","Gammaproteobacteria","Pseudomonadales","Moraxellaceae","Acinetobacter","Acinetobacter indicus","Acinetobacter indicus",0.012107,0.122195,39.9,0.000566,0.003074,35.3,0.068422,0.291772,62.1
"71","t166486","Bacteria","Firmicutes","Clostridia","Eubacteriales","Lachnospiraceae","Roseburia","Roseburia intestinalis","Roseburia intestinalis",0.011812,0.059789,56.9,0.01277,0.064306,54.4,0.007136,0.02894,69
"117","t2382163","Bacteria","Firmicutes","Bacilli","Lactobacillales","Streptococcaceae","Streptococcus","Streptococcus koreensis","Streptococcus koreensis",0.011485,0.030884,91.2,0.008131,0.014187,91.9,0.02785,0.06607,87.9
"34","t1353","Bacteria","Firmicutes","Bacilli","Lactobacillales","Enterococcaceae","Enterococcus","Enterococcus gallinarum","Enterococcus gallinarum",0.011239,0.064842,19.6,0.013494,0.070986,21.6,0.000238,0.000983,10.3
"7","t1156433","Bacteria","Firmicutes","Bacilli","Lactobacillales","Streptococcaceae","Streptococcus","Streptococcus sp. I-P16","Streptococcus sp. I-P16",0.011222,0.031872,91.8,0.007212,0.011289,92.6,0.03079,0.070424,87.9
"99","t2026240","Bacteria","Proteobacteria","Gammaproteobacteria","Enterobacterales","Enterobacteriaceae","Klebsiella","Klebsiella quasivariicola","Klebsiella quasivariicola",0.010617,0.119995,40.5,0.001884,0.011366,41,0.053228,0.288137,37.9
"144","t2715212","Bacteria","Bacteroidetes","Bacteroidia","Bacteroidales","Bacteroidaceae","Bacteroides","Bacteroides sp. CBA7301","Bacteroides sp. CBA7301",0.010527,0.098894,35.5,0.009229,0.105869,30.7,0.016862,0.053266,58.6
"196","t410072","Bacteria","Firmicutes","Clostridia","Eubacteriales","Lachnospiraceae","Coprococcus","Coprococcus comes","Coprococcus comes",0.010506,0.063461,51.9,0.008402,0.041194,48.1,0.020771,0.12449,70.7
"185","t37734","Bacteria","Firmicutes","Bacilli","Lactobacillales","Enterococcaceae","Enterococcus","Enterococcus casseliflavus","Enterococcus casseliflavus",0.010482,0.138336,40.5,0.012336,0.151787,41.7,0.00144,0.008077,34.5
"92","t1912897","Bacteria","Firmicutes","Clostridia","Eubacteriales","Lachnospiraceae","Blautia","Blautia argi","Blautia argi",0.010427,0.064157,35.8,0.012243,0.070291,35,0.001564,0.003448,39.7
"206","t53442","Bacteria","Firmicutes","Clostridia","Eubacteriales","Eubacteriaceae","Eubacterium","Eubacterium callanderi","Eubacterium callanderi",0.010346,0.120348,12,0.004748,0.041364,10.6,0.037664,0.277515,19
"120","t2420313","Bacteria","Firmicutes","Bacilli","Lactobacillales","Enterococcaceae","Enterococcus","Enterococcus sp. FDAARGOS_553","Enterococcus sp. FDAARGOS_553",0.010242,0.073979,19.9,0.012021,0.080989,21.2,0.00156,0.010084,13.8
"221","t622","Bacteria","Proteobacteria","Gammaproteobacteria","Enterobacterales","Enterobacteriaceae","Shigella","Shigella dysenteriae","Shigella dysenteriae",0.010101,0.017543,74.8,0.00943,0.017322,73.5,0.013379,0.018392,81
"102","t2079596","Bacteria","Proteobacteria","Gammaproteobacteria","Pseudomonadales","Moraxellaceae","Acinetobacter","Acinetobacter sp. SWBY1","Acinetobacter sp. SWBY1",0.009923,0.103921,11.7,1.4e-05,0.000104,2.5,0.058269,0.248097,56.9
"127","t257758","Bacteria","Firmicutes","Bacilli","Lactobacillales","Streptococcaceae","Streptococcus","Streptococcus pseudopneumoniae","Streptococcus pseudopneumoniae",0.009865,0.021229,93.8,0.008381,0.018611,94.3,0.017109,0.030169,91.4
"128","t2582419","Bacteria","Firmicutes","Negativicutes","Veillonellales","Veillonellaceae","Dialister","Dialister hominis","Dialister hominis",0.009825,0.11719,15.2,0.010229,0.126664,14.8,0.007855,0.050399,17.2
"37","t1379","Bacteria","Firmicutes","Bacilli","Bacillales","Paenibacillaceae","Gemella","Gemella haemolysans","Gemella haemolysans",0.00939,0.025294,88.6,0.008543,0.02368,89.8,0.013524,0.031953,82.8
"179","t33959","Bacteria","Firmicutes","Bacilli","Lactobacillales","Lactobacillaceae","Lactobacillus","Lactobacillus johnsonii","Lactobacillus johnsonii",0.009056,0.030282,49,0.008062,0.029433,48.1,0.013905,0.03399,53.4
"194","t40520","Bacteria","Firmicutes","Clostridia","Eubacteriales","Lachnospiraceae","Blautia","Blautia obeum","Blautia obeum",0.008938,0.079899,49.3,0.010086,0.087585,48.1,0.003334,0.009426,55.2
"86","t1813821","Bacteria","Proteobacteria","Gammaproteobacteria","Enterobacterales","Enterobacteriaceae","Shigella","Shigella sp. PAMC 28760","Shigella sp. PAMC 28760",0.008843,0.090014,1.5,0.009867,0.097925,1.4,0.003847,0.029294,1.7
"22","t1314","Bacteria","Firmicutes","Bacilli","Lactobacillales","Streptococcaceae","Streptococcus","Streptococcus pyogenes","Streptococcus pyogenes",0.008758,0.025115,86.8,0.009367,0.026698,89,0.005786,0.015007,75.9
"125","t2528203","Bacteria","Bacteroidetes","Bacteroidia","Bacteroidales","Bacteroidaceae","Bacteroides","Bacteroides sp. A1C1","Bacteroides sp. A1C1",0.008746,0.052875,23.8,0.006799,0.055282,18.7,0.018247,0.03803,48.3
"56","t1584","Bacteria","Firmicutes","Bacilli","Lactobacillales","Lactobacillaceae","Lactobacillus","Lactobacillus delbrueckii","Lactobacillus delbrueckii",0.008643,0.104136,40.2,0.010344,0.114268,40.3,0.00034,0.00116,39.7
"82","t1759399","Bacteria","Firmicutes","Bacilli","Lactobacillales","Streptococcaceae","Streptococcus","Streptococcus sp. A12","Streptococcus sp. A12",0.008442,0.023776,94.4,0.005436,0.008215,94,0.023109,0.052671,96.6
"38","t1382","Bacteria","Actinobacteria","Coriobacteriia","Coriobacteriales","Atopobiaceae","Lancefieldella","Lancefieldella parvula","Lancefieldella parvula",0.008431,0.032505,37,0.006266,0.022343,33.2,0.018997,0.060793,55.2
"2","t108981","Bacteria","Proteobacteria","Gammaproteobacteria","Pseudomonadales","Moraxellaceae","Acinetobacter","Acinetobacter schindleri","Acinetobacter schindleri",0.008325,0.118349,28.2,0.000832,0.006923,21.2,0.044886,0.285782,62.1
"101","t2058152","Bacteria","Proteobacteria","Gammaproteobacteria","Enterobacterales","Enterobacteriaceae","Klebsiella","Klebsiella grimontii","Klebsiella grimontii",0.00832,0.030039,42.5,0.008689,0.029652,44.2,0.006517,0.032069,34.5
"155","t28111","Bacteria","Bacteroidetes","Bacteroidia","Bacteroidales","Bacteroidaceae","Bacteroides","Bacteroides eggerthii","Bacteroides eggerthii",0.008294,0.044752,39.9,0.007366,0.047156,35.7,0.012824,0.030329,60.3
"188","t39488","Bacteria","Firmicutes","Clostridia","Eubacteriales","Lachnospiraceae","Anaerobutyricum","Anaerobutyricum hallii","Anaerobutyricum hallii",0.008159,0.057863,42.8,0.008645,0.062369,41,0.00579,0.026832,51.7
"134","t2650157","Bacteria","Bacteroidetes","Bacteroidia","Bacteroidales","Bacteroidaceae","Bacteroides","Bacteroides zhangwenhongi","Bacteroides zhangwenhongi",0.008128,0.082826,30.5,0.007465,0.090296,23.3,0.011362,0.023859,65.5
"106","t2093856","Bacteria","Bacteroidetes","Bacteroidia","Bacteroidales","Odoribacteraceae","Butyricimonas","Butyricimonas faecalis","Butyricimonas faecalis",0.008063,0.038479,29,0.003676,0.022455,23,0.029469,0.075996,58.6
"135","t2650158","Bacteria","Bacteroidetes","Bacteroidia","Bacteroidales","Bacteroidaceae","Bacteroides","Bacteroides luhongzhouii","Bacteroides luhongzhouii",0.008006,0.037248,29.9,0.006135,0.03502,24.7,0.017131,0.045895,55.2
"39","t1433513","Bacteria","Firmicutes","Bacilli","Lactobacillales","Streptococcaceae","Streptococcus","Streptococcus gwangjuense","Streptococcus gwangjuense",0.007921,0.017216,93,0.007052,0.016376,94.3,0.012164,0.020475,86.2
"161","t28141","Bacteria","Proteobacteria","Gammaproteobacteria","Enterobacterales","Enterobacteriaceae","Cronobacter","Cronobacter sakazakii","Cronobacter sakazakii",0.007916,0.080252,37.8,0.009284,0.087984,40.3,0.001238,0.007919,25.9
"224","t626932","Bacteria","Bacteroidetes","Bacteroidia","Bacteroidales","Rikenellaceae","Alistipes","Alistipes indistinctus","Alistipes indistinctus",0.007652,0.092178,17.3,0.00195,0.02249,11.7,0.035476,0.217327,44.8
"147","t2755405","Bacteria","Bacteroidetes","Bacteroidia","Bacteroidales","Bacteroidaceae","Bacteroides","Bacteroides sp. CACC 737","Bacteroides sp. CACC 737",0.007605,0.046456,24.6,0.006077,0.046277,19.1,0.01506,0.047012,51.7
"111","t2161821","Bacteria","Firmicutes","Negativicutes","Veillonellales","Veillonellaceae","Dialister","Dialister massiliensis","Dialister massiliensis",0.007307,0.114969,11.4,0.008091,0.125795,11.3,0.003483,0.023149,12.1
"14","t1283","Bacteria","Firmicutes","Bacilli","Bacillales","Staphylococcaceae","Staphylococcus","Staphylococcus haemolyticus","Staphylococcus haemolyticus",0.00714,0.038621,76.2,0.003356,0.011207,76.7,0.025607,0.088644,74.1
"175","t33035","Bacteria","Firmicutes","Clostridia","Eubacteriales","Lachnospiraceae","Blautia","Blautia producta","Blautia producta",0.006948,0.048408,68.6,0.007913,0.053043,68.2,0.00224,0.005556,70.7
"171","t328812","Bacteria","Bacteroidetes","Bacteroidia","Bacteroidales","Tannerellaceae","Parabacteroides","Parabacteroides goldsteinii","Parabacteroides goldsteinii",0.006611,0.068987,24.3,0.00183,0.010368,18,0.029936,0.164892,55.2
"8","t116085","Bacteria","Firmicutes","Clostridia","Eubacteriales","Lachnospiraceae","Coprococcus","Coprococcus catus","Coprococcus catus",0.006391,0.031017,39.9,0.006739,0.03355,36.7,0.004697,0.012893,55.2
"205","t47770","Bacteria","Firmicutes","Bacilli","Lactobacillales","Lactobacillaceae","Lactobacillus","Lactobacillus crispatus","Lactobacillus crispatus",0.006269,0.065303,32,0.006815,0.071175,31.8,0.003607,0.019107,32.8
"10","t1260","Bacteria","Firmicutes","Tissierellia","Tissierellales","Peptoniphilaceae","Finegoldia","Finegoldia magna","Finegoldia magna",0.006213,0.026828,78.9,0.004914,0.018189,76.7,0.012552,0.05106,89.7
"163","t2823317","Bacteria","Firmicutes","Negativicutes","Acidaminococcales","Acidaminococcaceae","Phascolarctobacterium","Phascolarctobacterium sp. Marseille-Q4147","Phascolarctobacterium sp. Marseille-Q4147",0.005851,0.074082,39.3,0.000895,0.002536,35.7,0.030031,0.178852,56.9
"230","t70346","Bacteria","Proteobacteria","Gammaproteobacteria","Pseudomonadales","Moraxellaceae","Acinetobacter","Acinetobacter variabilis","Acinetobacter variabilis",0.005848,0.05827,18.2,0.001024,0.010711,9.5,0.029386,0.137864,60.3
"180","t34062","Bacteria","Proteobacteria","Gammaproteobacteria","Pseudomonadales","Moraxellaceae","Moraxella","Moraxella osloensis","Moraxella osloensis",0.0058,0.047512,44.9,0.000865,0.005721,39.6,0.029878,0.112217,70.7
"79","t169679","Bacteria","Firmicutes","Clostridia","Eubacteriales","Clostridiaceae","Clostridium","Clostridium saccharobutylicum","Clostridium saccharobutylicum",0.005779,0.087542,17,0.001041,0.009534,17,0.028897,0.211205,17.2
"68","t1639133","Bacteria","Proteobacteria","Gammaproteobacteria","Enterobacterales","Enterobacteriaceae","Citrobacter","Citrobacter portucalensis","Citrobacter portucalensis",0.005684,0.039135,34.6,0.004801,0.037379,35.3,0.00999,0.046907,31
"30","t1335613","Bacteria","Actinobacteria","Coriobacteriia","Eggerthellales","Eggerthellaceae","Gordonibacter","Gordonibacter urolithinfaciens","Gordonibacter urolithinfaciens",0.005667,0.038239,36.1,0.0064,0.041892,32.2,0.002093,0.004884,55.2
"202","t471189","Bacteria","Actinobacteria","Coriobacteriia","Eggerthellales","Eggerthellaceae","Gordonibacter","Gordonibacter pamelaeae","Gordonibacter pamelaeae",0.005597,0.016527,42.2,0.005569,0.017593,38.5,0.005734,0.009905,60.3
"81","t1748967","Bacteria","Proteobacteria","Gammaproteobacteria","Enterobacterales","Enterobacteriaceae","Citrobacter","Citrobacter cronae","Citrobacter cronae",0.00555,0.050387,11.1,0.006549,0.055262,11.3,0.000676,0.002523,10.3
"63","t161879","Bacteria","Actinobacteria","Actinomycetia","Corynebacteriales","Corynebacteriaceae","Corynebacterium","Corynebacterium kroppenstedtii","Corynebacterium kroppenstedtii",0.00552,0.053373,54.5,0.006563,0.058547,59.7,0.000429,0.001421,29.3
"46","t1499973","Bacteria","Proteobacteria","Gammaproteobacteria","Enterobacterales","Enterobacteriaceae","Escherichia","Escherichia marmotae","Escherichia marmotae",0.005462,0.053751,76.2,0.002056,0.004006,75.6,0.022083,0.129674,79.3
"83","t1796613","Bacteria","Bacteroidetes","Bacteroidia","Bacteroidales","Bacteroidaceae","Bacteroides","Bacteroides caecimuris","Bacteroides caecimuris",0.005462,0.023956,29.6,0.004361,0.023859,24.4,0.010833,0.023903,55.2
"97","t2015795","Bacteria","Proteobacteria","Gammaproteobacteria","Enterobacterales","Enterobacteriaceae","Klebsiella","Klebsiella sp. LY","Klebsiella sp. LY",0.005322,0.028003,14.4,0.005843,0.030243,15.2,0.002783,0.012026,10.3
"251","t97478","Bacteria","Firmicutes","Bacilli","Lactobacillales","Lactobacillaceae","Limosilactobacillus","Limosilactobacillus mucosae","Limosilactobacillus mucosae",0.005316,0.056263,26.4,0.001243,0.00843,24.4,0.025184,0.134336,36.2
"116","t2364787","Bacteria","Bacteroidetes","Bacteroidia","Bacteroidales","Rikenellaceae","Alistipes","Alistipes megaguti","Alistipes megaguti",0.005077,0.031624,20.5,0.003634,0.025878,15.2,0.012122,0.050908,46.6
"219","t61645","Bacteria","Proteobacteria","Gammaproteobacteria","Enterobacterales","Enterobacteriaceae","Enterobacter","Enterobacter asburiae","Enterobacter asburiae",0.005045,0.038575,48.1,0.004031,0.031686,48.4,0.009993,0.062281,46.6
"124","t2500542","Bacteria","Proteobacteria","Gammaproteobacteria","Enterobacterales","Enterobacteriaceae","Salmonella","Salmonella sp. SSDFZ54","Salmonella sp. SSDFZ54",0.005005,0.059962,6.7,0.006026,0.065794,7.8,2.2e-05,0.000171,1.7
"186","t387090","Bacteria","Bacteroidetes","Bacteroidia","Bacteroidales","Prevotellaceae","Phocaeicola","Phocaeicola coprophilus","Phocaeicola coprophilus",0.004787,0.027687,28.2,0.004584,0.029368,22.6,0.005776,0.017445,55.2
"159","t28131","Bacteria","Bacteroidetes","Bacteroidia","Bacteroidales","Prevotellaceae","Prevotella","Prevotella intermedia","Prevotella intermedia",0.00478,0.024615,43.7,0.002572,0.016865,37.1,0.015552,0.045439,75.9
"103","t208224","Bacteria","Proteobacteria","Gammaproteobacteria","Enterobacterales","Enterobacteriaceae","Enterobacter","Enterobacter kobei","Enterobacter kobei",0.004674,0.024953,58.9,0.004271,0.0236,59.4,0.006641,0.030885,56.9
"227","t67827","Bacteria","Proteobacteria","Gammaproteobacteria","Enterobacterales","Enterobacteriaceae","Citrobacter","Citrobacter werkmanii","Citrobacter werkmanii",0.004542,0.042147,30.5,0.005213,0.046197,31.1,0.001264,0.004963,27.6
"181","t35703","Bacteria","Proteobacteria","Gammaproteobacteria","Enterobacterales","Enterobacteriaceae","Citrobacter","Citrobacter amalonaticus","Citrobacter amalonaticus",0.004495,0.025688,39,0.005155,0.028074,39.9,0.001276,0.004895,34.5
"191","t39950","Bacteria","Firmicutes","Negativicutes","Veillonellales","Veillonellaceae","Dialister","Dialister pneumosintes","Dialister pneumosintes",0.004328,0.021103,41.3,0.004583,0.022135,39.6,0.003084,0.015181,50
"169","t301301","Bacteria","Firmicutes","Clostridia","Eubacteriales","Lachnospiraceae","Roseburia","Roseburia hominis","Roseburia hominis",0.004295,0.042787,35.2,0.004973,0.046945,31.1,0.00099,0.001867,55.2
"249","t901","Bacteria","Proteobacteria","Deltaproteobacteria","Desulfovibrionales","Desulfovibrionaceae","Desulfovibrio","Desulfovibrio piger","Desulfovibrio piger",0.004233,0.050253,7.6,0.000856,0.011298,3.9,0.020707,0.11874,25.9
"248","t881260","Bacteria","Proteobacteria","Gammaproteobacteria","Enterobacterales","Enterobacteriaceae","Enterobacter","Enterobacter bugandensis","Enterobacter bugandensis",0.004189,0.036358,23.8,0.004997,0.03987,26.9,0.000247,0.001333,8.6
"165","t287","Bacteria","Proteobacteria","Gammaproteobacteria","Pseudomonadales","Pseudomonadaceae","Pseudomonas","Pseudomonas aeruginosa","Pseudomonas aeruginosa",0.003903,0.018745,56,0.002843,0.013668,52.3,0.009076,0.033748,74.1
"107","t2093857","Bacteria","Firmicutes","Clostridia","Eubacteriales","Oscillospiraceae","Dysosmobacter","Dysosmobacter welbionis","Dysosmobacter welbionis",0.003845,0.030811,17.3,0.00441,0.033731,16.3,0.001086,0.004939,22.4
"141","t2698804","Bacteria","Firmicutes","Bacilli","Lactobacillales","Streptococcaceae","Streptococcus","Streptococcus sp. CNU G3","Streptococcus sp. CNU G3",0.003816,0.022125,26.7,0.004552,0.024227,28.3,0.000228,0.000565,19
"129","t2582830","Bacteria","Firmicutes","Bacilli","Lactobacillales","Enterococcaceae","Enterococcus","Enterococcus sp. M190262","Enterococcus sp. M190262",0.003748,0.025347,18.8,0.004388,0.027713,21.9,0.000626,0.004557,3.4
"207","t54005","Bacteria","Firmicutes","Tissierellia","Tissierellales","Peptoniphilaceae","Peptoniphilus","Peptoniphilus harei","Peptoniphilus harei",0.003664,0.014612,67.2,0.003586,0.012395,67.8,0.004047,0.022658,63.8
"193","t40324","Bacteria","Proteobacteria","Gammaproteobacteria","Xanthomonadales","Xanthomonadaceae","Stenotrophomonas","Stenotrophomonas maltophilia","Stenotrophomonas maltophilia",0.003655,0.045057,44.9,0.002994,0.045325,39.9,0.006879,0.043966,69
"114","t223919","Bacteria","Firmicutes","Clostridia","Eubacteriales","Clostridiaceae","Clostridium","Clostridium diolis","Clostridium diolis",0.003501,0.051653,2.9,0.000739,0.007818,2.5,0.016983,0.124053,5.2
"61","t1598","Bacteria","Firmicutes","Bacilli","Lactobacillales","Lactobacillaceae","Limosilactobacillus","Limosilactobacillus reuteri","Limosilactobacillus reuteri",0.003382,0.014377,58.9,0.00312,0.014761,60.1,0.00466,0.012374,53.4
"9","t1177574","Bacteria","Bacteroidetes","Bacteroidia","Bacteroidales","Prevotellaceae","Prevotella","Prevotella jejuni","Prevotella jejuni",0.003346,0.021032,38.7,0.001654,0.013813,32.9,0.011602,0.040138,67.2
"154","t28090","Bacteria","Proteobacteria","Gammaproteobacteria","Pseudomonadales","Moraxellaceae","Acinetobacter","Acinetobacter lwoffii","Acinetobacter lwoffii",0.003288,0.027726,19.6,0.000207,0.001106,11.7,0.018319,0.065592,58.6
"131","t2585118","Bacteria","Bacteroidetes","Bacteroidia","Bacteroidales","Rikenellaceae","Alistipes","Alistipes communis","Alistipes communis",0.00327,0.035634,21.7,0.003435,0.039018,15.2,0.002464,0.006449,53.4
"143","t2714355","Bacteria","Firmicutes","Clostridia","Eubacteriales","Oscillospiraceae","Oscillibacter","Oscillibacter sp. MM50","Oscillibacter sp. MM50",0.00326,0.034519,27.9,0.003771,0.037872,24,0.000762,0.002041,46.6
"84","t1805478","Bacteria","Actinobacteria","Coriobacteriia","Coriobacteriales","Atopobiaceae","Olsenella","Olsenella timonensis","Olsenella timonensis",0.003255,0.018519,25.2,0.002752,0.018544,21.6,0.00571,0.01836,43.1
"72","t1667168","Bacteria","Actinobacteria","Actinomycetia","Micrococcales","Dermabacteraceae","Dermabacter","Dermabacter jinjuensis","Dermabacter jinjuensis",0.003254,0.023055,26.1,0.003716,0.025255,23,0.001,0.002967,41.4
"110","t2109687","Bacteria","Firmicutes","Clostridia","Eubacteriales","Oscillospiraceae","Oscillibacter","Oscillibacter sp. PEA192","Oscillibacter sp. PEA192",0.00319,0.020653,15.2,0.003329,0.021549,14.8,0.002516,0.015693,17.2
"225","t641107","Bacteria","Firmicutes","Clostridia","Eubacteriales","Clostridiaceae","Clostridium","Clostridium sp. DL-VIII","Clostridium sp. DL-VIII",0.003168,0.044017,18.8,0.000784,0.006962,18,0.014803,0.1056,22.4
"162","t2823316","Bacteria","Firmicutes","Clostridia","Eubacteriales","Lachnospiraceae","Faecalicatena","Faecalicatena sp. Marseille-Q4148","Faecalicatena sp. Marseille-Q4148",0.003115,0.017409,37.5,0.003521,0.019054,36.4,0.001134,0.002608,43.1
"183","t36745","Bacteria","Firmicutes","Clostridia","Eubacteriales","Clostridiaceae","Clostridium","Clostridium saccharoperbutylacetonicum","Clostridium saccharoperbutylacetonicum",0.003088,0.040009,34.6,0.000959,0.008783,33.9,0.013479,0.095047,37.9
"218","t604330","Bacteria","Actinobacteria","Coriobacteriia","Coriobacteriales","Atopobiaceae","Parafannyhessea","Parafannyhessea umbonata","Parafannyhessea umbonata",0.003037,0.017136,54,0.002971,0.018209,54.4,0.00336,0.010537,51.7
"89","t1852377","Bacteria","Actinobacteria","Actinomycetia","Actinomycetales","Actinomycetaceae","Actinomyces","Actinomyces pacaensis","Actinomyces pacaensis",0.002995,0.01687,28.7,0.002417,0.014224,25.8,0.005816,0.026208,43.1
"132","t2596949","Bacteria","Proteobacteria","Gammaproteobacteria","Enterobacterales","Enterobacteriaceae","Enterobacter","Enterobacter sp. E76","Enterobacter sp. E76",0.002899,0.039132,15.8,0.00339,0.042925,17,0.000503,0.003425,10.3
"145","t2722820","Bacteria","Actinobacteria","Actinomycetia","Actinomycetales","Actinomycetaceae","Actinomyces","Actinomyces sp. ZJ34","Actinomyces sp. ZJ34",0.002898,0.028338,15.5,0.00318,0.030986,14.1,0.001524,0.006145,22.4
"234","t727","Bacteria","Proteobacteria","Gammaproteobacteria","Pasteurellales","Pasteurellaceae","Haemophilus","Haemophilus influenzae","Haemophilus influenzae",0.002862,0.02445,44.3,0.003008,0.026729,43.1,0.002152,0.005535,50
"67","t1636603","Bacteria","Proteobacteria","Gammaproteobacteria","Pseudomonadales","Moraxellaceae","Acinetobacter","Acinetobacter sp. ACNIH1","Acinetobacter sp. ACNIH1",0.00283,0.026863,11.4,0.000346,0.003643,5.3,0.01495,0.063707,41.4
"151","t28025","Bacteria","Actinobacteria","Actinomycetia","Bifidobacteriales","Bifidobacteriaceae","Bifidobacterium","Bifidobacterium animalis","Bifidobacterium animalis",0.002784,0.010856,92.4,0.002429,0.004072,94,0.004519,0.024843,84.5
"42","t1464","Bacteria","Firmicutes","Bacilli","Bacillales","Paenibacillaceae","Paenibacillus","Paenibacillus larvae","Paenibacillus larvae",0.002762,0.017453,9.1,0.002706,0.018327,8.5,0.003038,0.012461,12.1
"138","t2684658","Bacteria","Firmicutes","Bacilli","Lactobacillales","Streptococcaceae","Streptococcus","Streptococcus sp. CNU 77-61","Streptococcus sp. CNU 77-61",0.002511,0.013696,19.4,0.002953,0.014986,20.1,0.000355,0.001432,15.5
"192","t40214","Bacteria","Proteobacteria","Gammaproteobacteria","Pseudomonadales","Moraxellaceae","Acinetobacter","Acinetobacter johnsonii","Acinetobacter johnsonii",0.002504,0.018497,25.8,0.000281,0.0014,15.9,0.013355,0.043437,74.1
"40","t143361","Bacteria","Firmicutes","Clostridia","Eubacteriales","Peptostreptococcaceae","Filifactor","Filifactor alocis","Filifactor alocis",0.002364,0.013607,26.1,0.002625,0.014707,26.1,0.001088,0.005673,25.9
"16","t1297617","Bacteria","Firmicutes","Clostridia","Eubacteriales","Peptostreptococcaceae","Intestinimonas","Intestinimonas butyriciproducens","Intestinimonas butyriciproducens",0.002336,0.013509,35.5,0.002512,0.014311,34.6,0.001479,0.008626,39.7
"35","t1354","Bacteria","Firmicutes","Bacilli","Lactobacillales","Enterococcaceae","Enterococcus","Enterococcus hirae","Enterococcus hirae",0.002249,0.025235,37.2,0.002608,0.027682,39.6,0.000497,0.001823,25.9
"126","t2545797","Bacteria","Proteobacteria","Gammaproteobacteria","Pseudomonadales","Moraxellaceae","Acinetobacter","Acinetobacter sp. FDAARGOS_724","Acinetobacter sp. FDAARGOS_724",0.002234,0.021102,8.8,0.000239,0.002643,3.5,0.011966,0.050055,34.5
"245","t84030","Bacteria","Firmicutes","Clostridia","Eubacteriales","Lachnospiraceae","Lacrimispora","Lacrimispora saccharolytica","Lacrimispora saccharolytica",0.002165,0.012268,34.3,0.00242,0.013409,31.8,0.000921,0.002529,46.6
"187","t39485","Bacteria","Firmicutes","Clostridia","Eubacteriales","Lachnospiraceae","Lachnospira","Lachnospira eligens","Lachnospira eligens",0.001903,0.020712,30.5,0.002139,0.022705,26.9,0.000748,0.0026,48.3
"243","t83655","Bacteria","Proteobacteria","Gammaproteobacteria","Enterobacterales","Enterobacteriaceae","Leclercia","Leclercia adecarboxylata","Leclercia adecarboxylata",0.001777,0.011262,39,0.001585,0.010149,40.6,0.002716,0.015678,31
"158","t28129","Bacteria","Bacteroidetes","Bacteroidia","Bacteroidales","Prevotellaceae","Prevotella","Prevotella denticola","Prevotella denticola",0.001743,0.012826,25.5,0.001166,0.010224,19.4,0.004559,0.021316,55.2
"54","t1561","Bacteria","Firmicutes","Clostridia","Eubacteriales","Clostridiaceae","Clostridium","Clostridium baratii","Clostridium baratii",0.001684,0.015624,19.6,0.00116,0.011524,19.8,0.004245,0.028127,19
"244","t839","Bacteria","Bacteroidetes","Bacteroidia","Bacteroidales","Prevotellaceae","Prevotella","Prevotella ruminicola","Prevotella ruminicola",0.00168,0.013835,12,0.000916,0.007932,7.8,0.00541,0.028519,32.8
"198","t43765","Bacteria","Actinobacteria","Actinomycetia","Corynebacteriales","Corynebacteriaceae","Corynebacterium","Corynebacterium amycolatum","Corynebacterium amycolatum",0.001638,0.011111,29.6,0.000175,0.000403,23.3,0.008778,0.025945,60.3
"146","t2742630","Bacteria","Proteobacteria","Gammaproteobacteria","Enterobacterales","Enterobacteriaceae","Citrobacter","Citrobacter sp. RHBSTW-00021","Citrobacter sp. RHBSTW-00021",0.001619,0.018195,2.3,0.001951,0.019963,2.8,0,0,0
"149","t2774055","Bacteria","Proteobacteria","Gammaproteobacteria","Enterobacterales","Enterobacteriaceae","Kluyvera","Kluyvera genomosp. 3","Kluyvera genomosp. 3",0.001583,0.013191,22.6,0.001565,0.013836,24.4,0.001674,0.009532,13.8
"11","t1270","Bacteria","Actinobacteria","Actinomycetia","Micrococcales","Micrococcaceae","Micrococcus","Micrococcus luteus","Micrococcus luteus",0.001571,0.008022,35.8,0.000141,0.000443,26.1,0.00855,0.017977,82.8
"93","t195","Bacteria","Proteobacteria","Epsilonproteobacteria","Campylobacterales","Campylobacteraceae","Campylobacter","Campylobacter coli","Campylobacter coli",0.00137,0.012113,11.7,0.001128,0.010088,13.1,0.00255,0.019234,5.2
"164","t282402","Bacteria","Bacteroidetes","Bacteroidia","Bacteroidales","Prevotellaceae","Prevotella","Prevotella multiformis","Prevotella multiformis",0.001221,0.008733,14.4,0.000807,0.007005,10.6,0.003236,0.014393,32.8
"55","t1583","Bacteria","Firmicutes","Bacilli","Lactobacillales","Lactobacillaceae","Weissella","Weissella confusa","Weissella confusa",0.001109,0.009425,24,0.00127,0.010312,23.7,0.000324,0.001735,25.9
"233","t71999","Bacteria","Actinobacteria","Actinomycetia","Micrococcales","Micrococcaceae","Kocuria","Kocuria palustris","Kocuria palustris",0.000915,0.01119,36.7,0.000164,0.000549,31.1,0.004578,0.026999,63.8
